YLR420W,YLR420W_3509_88_1.39,YLR420W_1966_81_-1.39
YBR149W,YBR149W_1920_76_-0.32,YBR149W_2515_85_0.32
YIR029W,YIR029W_11_1_-3.25,YIR029W_29_4_3.25
YBR021W,YBR021W_473_51_0.36,YBR021W_421_50_-0.36
YOR192C,YOR192C_48_4_-2.23,YOR192C_69_12_2.23
YKR093W,YKR093W_1040_64_1.24,YKR093W_775_54_-1.24
YER065C,YER065C_173_31_0.27,YER065C_156_29_-0.27
YDR342C,YDR342C_3918_90_0.13,YDR342C_3662_90_-0.13
YDR226W,YDR226W_8077_98_0.41,YDR226W_6728_96_-0.41
YER175C,YER175C_59_13_-1.35,YER175C_120_23_1.35
YMR256C,YMR256C_6579_96_-0.84,YMR256C_10047_98_0.84
YER060W-A,YER060W-A_13_2_-0.57,YER060W-A_13_1_0.57
YPR156C,YPR156C_1067_66_0.94,YPR156C_828_60_-0.94
YGL067W,YGL067W_844_63_-0.16,YGL067W_927_67_0.16
YIL009W,YIL009W_99_21_2.85,YIL009W_36_3_-2.85
YLL052C,YLL052C_69_14_0.81,YLL052C_48_6_-0.81
YOR190W,YOR190W_29_5_-0.32,YOR190W_32_3_0.32
YCL050C,YCL050C_550_54_-0.75,YCL050C_826_64_0.75
YPL265W,YPL265W_1987_77_0.73,YPL265W_2254_76_-0.73
YGR282C,YGR282C_6710_96_2.57,YGR282C_3002_83_-2.57
YNL117W,YNL117W_48_11_-0.93,YNL117W_76_15_0.93
YFR055W,YFR055W_878_64_6.42,YFR055W_83_8_-6.42
YLR299W,YLR299W_163_29_2.62,YLR299W_58_8_-2.62
YER056C,YER056C_1863_75_2.18,YER056C_697_60_-2.18
YOR317W,YOR317W_903_64_0.2,YOR317W_853_65_-0.2
YOR109W,YOR109W_325_42_0.47,YOR109W_273_40_-0.47
YGR267C,YGR267C_423_48_-0.85,YGR267C_626_59_0.85
YGR185C,YGR185C_557_53_-0.71,YGR185C_715_61_0.71
YIL002C,YIL002C_96_21_-0.84,YIL002C_144_28_0.84
YDL066W,YDL066W_1181_69_0,YDL066W_1324_73_0
YLR328W,YLR328W_373_46_0.85,YLR328W_292_39_-0.85
YJL200C,YJL200C_404_48_-0.2,YJL200C_478_52_0.2
YBR249C,YBR249C_2220_79_0.3,YBR249C_1959_82_-0.3
YDR487C,YDR487C_1969_77_3.43,YDR487C_659_50_-3.43
YNR013C,YNR013C_411_43_-1.15,YNR013C_681_57_1.15
YJR077C,YJR077C_4321_89_3.57,YJR077C_1358_61_-3.57
YKR080W,YKR080W_1256_70_0.7,YKR080W_994_67_-0.7
YOR377W,YOR377W_78_17_1.1,YOR377W_55_8_-1.1
YDR376W,YDR376W_175_31_0.4,YDR376W_145_28_-0.4
YBR041W,YBR041W_154_28_0.84,YBR041W_109_22_-0.84
YLR209C,YLR209C_333_42_1.07,YLR209C_192_33_-1.07
YLR342W,YLR342W_4653_93_2.36,YLR342W_1653_78_-2.36
YJL139C,YJL139C_349_44_0.78,YJL139C_268_39_-0.78
Q0045,Q0045___0,Q0045___0
YPL276W,YPL276W_11_3_1.09,YPL276W_7_0_-1.09
YOL151W,YOL151W_1704_74_3.55,YOL151W_351_45_-3.55
YNL316C,YNL316C_177_31_0.08,YNL316C_179_31_-0.08
YBR252W,YBR252W_4063_90_1.48,YBR252W_2087_83_-1.48
YMR105C,YMR105C_483_51_-1.75,YMR105C_1323_72_1.75
YKR069W,YKR069W_373_46_-0.17,YKR069W_408_51_0.17
YPL262W,YPL262W_2374_79_-0.55,YPL262W_3055_87_0.55
YLR157C,YLR157C___0,YLR157C___0
YJR078W,YJR078W_36_6_-1.72,YJR078W_87_11_1.72
YGL248W,YGL248W_127_26_-1.67,YGL248W_303_42_1.67
YML008C,YML008C_1698_74_-0.02,YML008C_1797_80_0.02
YHR190W,YHR190W_905_61_-1.93,YHR190W_1924_81_1.93
YOL103W,YOL103W_714_59_1.46,YOL103W_383_48_-1.46
YNL071W,YNL071W_1324_70_0.87,YNL071W_1010_66_-0.87
YDR305C,YDR305C_315_40_-1.09,YDR305C_580_54_1.09
YPR035W,YPR035W_2508_82_0.27,YPR035W_2559_85_-0.27
YBR221C,YBR221C_1974_76_1.56,YBR221C_947_68_-1.56
YPL097W,YPL097W_76_16_0.41,YPL097W_76_12_-0.41
YMR015C,YMR015C_3051_85_1.26,YMR015C_1677_79_-1.26
YPR145W,YPR145W_3145_86_0.75,YPR145W_2435_85_-0.75
YJL137C,YJL137C_57_12_-0.79,YJL137C_77_15_0.79
YOR180C,YOR180C_26_5_-0.11,YOR180C_30_3_0.11
Q0085,Q0085_3_1_-6.02,Q0085_53_10_6.02
YHR051W,YHR051W_2663_83_-0.69,YHR051W_3736_90_0.69
YNL247W,YNL247W_219_35_-0.19,YNL247W_241_38_0.19
YBR248C,YBR248C_608_56_0.06,YBR248C_648_58_-0.06
YKL132C,YKL132C_265_39_2.49,YKL132C_84_17_-2.49
YDL055C,YDL055C_4787_94_1.44,YDL055C_2796_86_-1.44
YOR303W,YOR303W_1258_69_-0.53,YOR303W_1636_78_0.53
YGR180C,YGR180C_3642_89_3.58,YGR180C_1136_61_-3.58
YGR240C,YGR240C_4934_95_2.61,YGR240C_1849_78_-2.61
YLR395C,YLR395C_7115_97_-1,YLR395C_11387_98_1
YCR098C,YCR098C_11_2_-0.92,YCR098C_14_1_0.92
YJR048W,YJR048W_7083_97_-0.17,YJR048W_7816_97_0.17
YER052C,YER052C_543_54_0.24,YER052C_499_53_-0.24
YER086W,YER086W_1118_66_1.91,YER086W_425_50_-1.91
YCR024C,YCR024C_80_17_-0.33,YCR024C_94_19_0.33
YMR289W,YMR289W_166_28_-0.79,YMR289W_250_37_0.79
YFR019W,YFR019W_130_25_0.68,YFR019W_95_19_-0.68
YJR130C,YJR130C_65_15_-1.45,YJR130C_131_25_1.45
YDR529C,YDR529C_5611_95_-0.68,YDR529C_7715_97_0.68
YDL085W,YDL085W_10_2_-4.53,YDL085W_77_13_4.53
YPL104W,YPL104W_173_30_1.11,YPL104W_109_21_-1.11
YKL026C,YKL026C_266_37_-3.46,YKL026C_1249_74_3.46
YJL221C,YJL221C_103_21_0.13,YJL221C_126_19_-0.13
YDR236C,YDR236C_229_36_-0.23,YDR236C_256_39_0.23
YLR343W,YLR343W_35_7_-0.84,YLR343W_53_9_0.84
YGR193C,YGR193C_211_34_0.07,YGR193C_220_34_-0.07
YPR184W,YPR184W_195_31_0.84,YPR184W_135_24_-0.84
YJL153C,YJL153C_48_11_-0.82,YJL153C_71_14_0.82
YHR216W,YHR216W_896_63_-3.59,YHR216W_4501_92_3.59
YDR481C,YDR481C_147_27_-0.79,YDR481C_227_35_0.79
YPL147W,YPL147W_14_3_-0.14,YPL147W_15_1_0.14
YBR035C,YBR035C_1333_70_-0.65,YBR035C_1781_80_0.65
YER070W,YER070W_1997_78_3.91,YER070W_330_45_-3.91
YNR043W,YNR043W_2457_81_1.41,YNR043W_1367_75_-1.41
YGR289C,YGR289C_75_15_0.72,YGR289C_53_10_-0.72
YHL016C,YHL016C_79_17_0.16,YHL016C_81_14_-0.16
YNL192W,YNL192W_392_47_0.03,YNL192W_412_49_-0.03
Q0275,Q0275___0,Q0275___0
YLR447C,YLR447C_2006_77_0.61,YLR447C_1586_77_-0.61
YMR113W,YMR113W_326_42_-0.78,YMR113W_456_52_0.78
YBR184W,YBR184W_30_6_-2.43,YBR184W_87_18_2.43
YDR037W,YDR037W_3347_87_0.04,YDR037W_3254_88_-0.04
YPR138C,YPR138C_687_59_4.2,YPR138C_106_20_-4.2
YGR171C,YGR171C_131_26_0.45,YGR171C_112_21_-0.45
YMR217W,YMR217W_4798_94_0.73,YMR217W_3422_89_-0.73
YOR209C,YOR209C_599_56_-0.09,YOR209C_631_59_0.09
YMR296C,YMR296C_797_62_-0.07,YMR296C_838_65_0.07
YBR023C,YBR023C_1320_71_2.15,YBR023C_495_53_-2.15
YLR060W,YLR060W_7062_97_0.59,YLR060W_5562_94_-0.59
YBR069C,YBR069C_582_55_2.09,YBR069C_250_36_-2.09
YDR232W,YDR232W_535_52_2.78,YDR232W_287_27_-2.78
YPL117C,YPL117C_648_56_-0.67,YPL117C_864_66_0.67
YDR513W,YDR513W_3790_90_-1.02,YDR513W_6418_95_1.02
YDR483W,YDR483W_1844_75_1.07,YDR483W_1109_72_-1.07
YPR069C,YPR069C_1761_75_0.82,YPR069C_1217_74_-0.82
YGR170W,YGR170W_107_22_0.71,YGR170W_79_15_-0.71
YNL202W,YNL202W_58_13_-3.91,YNL202W_378_47_3.91
YMR293C,YMR293C_89_18_0.2,YMR293C_77_15_-0.2
YNL292W,YNL292W_293_40_1.13,YNL292W_205_31_-1.13
YBR180W,YBR180W___0,YBR180W___0
YLR372W,YLR372W_6834_97_1.87,YLR372W_2884_87_-1.87
YJL216C,YJL216C___0,YJL216C___0
YDL040C,YDL040C_472_50_-0.07,YDL040C_512_53_0.07
YKL120W,YKL120W_5744_95_0.36,YKL120W_5282_93_-0.36
YHR096C,YHR096C_107_22_-2.64,YHR096C_452_48_2.64
YJL167W,YJL167W_3530_88_-1.03,YJL167W_5885_95_1.03
YNR072W,YNR072W___0,YNR072W___0
YOR126C,YOR126C_107_22_-0.89,YOR126C_161_30_0.89
YNL101W,YNL101W_777_61_0.89,YNL101W_574_54_-0.89
YEL051W,YEL051W_600_55_-0.01,YEL051W_594_57_0.01
YJL071W,YJL071W_231_36_0.19,YJL071W_221_35_-0.19
YBR093C,YBR093C_24_5_0.03,YBR093C_22_3_-0.03
YPL214C,YPL214C_159_28_0.6,YPL214C_123_24_-0.6
YJR010W,YJR010W_121_24_-0.29,YJR010W_139_27_0.29
YEL063C,YEL063C_427_48_3.66,YEL063C_152_15_-3.66
YDR345C,YDR345C_4588_93_2.13,YDR345C_1919_80_-2.13
YJL130C,YJL130C_3627_88_-0.99,YJL130C_5969_94_0.99
YGL008C,YGL008C_7562_97_3.6,YGL008C_2521_77_-3.6
YHR063C,YHR063C_568_54_-0.46,YHR063C_712_61_0.46
YML035C,YML035C_189_31_0.33,YML035C_160_30_-0.33
YDR023W,YDR023W_3784_89_-0.2,YDR023W_4122_92_0.2
YGR121C,YGR121C_136_25_0.39,YGR121C_102_21_-0.39
YOR108W,YOR108W_772_61_1.61,YOR108W_378_48_-1.61
YBR038W,YBR038W_356_44_2.33,YBR038W_133_24_-2.33
YDL095W,YDL095W_709_59_1.07,YDL095W_544_51_-1.07
YML100W,YML100W_1159_68_-0.28,YML100W_1417_75_0.28
YNL256W,YNL256W_195_32_0.39,YNL256W_164_30_-0.39
YOR323C,YOR323C_1656_73_1.19,YOR323C_1056_67_-1.19
YLR303W,YLR303W_2612_82_-0.81,YLR303W_4597_90_0.81
YML075C,YML075C_4114_91_0.39,YML075C_3551_89_-0.39
YKL140W,YKL140W_724_58_0.6,YKL140W_568_54_-0.6
YBL068W,YBL068W_1011_66_-0.03,YBL068W_1043_69_0.03
YPL087W,YPL087W_721_59_-1.26,YPL087W_1298_75_1.26
YDR135C,YDR135C_553_54_1.34,YDR135C_299_43_-1.34
YGR094W,YGR094W_1924_77_0.83,YGR094W_1364_75_-0.83
YBR019C,YBR019C_49_11_-3.62,YBR019C_288_40_3.62
YPR047W,YPR047W_25_5_-1.36,YPR047W_49_8_1.36
YBR001C,YBR001C_280_40_0.08,YBR001C_293_41_-0.08
YPL258C,YPL258C_62_14_-0.55,YPL258C_81_16_0.55
YNR016C,YNR016C_4196_91_-1.3,YNR016C_7681_97_1.3
YCR034W,YCR034W_1904_76_2.16,YCR034W_673_61_-2.16
YGR043C,YGR043C_162_29_-2.78,YGR043C_907_57_2.78
YGR055W,YGR055W_1032_66_0.31,YGR055W_880_66_-0.31
YKL188C,YKL188C_38_7_-1.56,YKL188C_74_14_1.56
YMR006C,YMR006C_124_25_0.5,YMR006C_104_20_-0.5
YOL156W,YOL156W___0,YOL156W___0
YDL022W,YDL022W_3426_87_1.59,YDL022W_1748_79_-1.59
YER024W,YER024W_53_12_-2.93,YER024W_224_34_2.93
YLR307W,YLR307W_1_1_-2.94,YLR307W_14_0_2.94
YBR058C-A,YBR058C-A___0,YBR058C-A___0
YPL273W,YPL273W_1535_72_2.94,YPL273W_574_49_-2.94
YOR375C,YOR375C_2398_80_0.44,YOR375C_2054_83_-0.44
YKL055C,YKL055C_77_16_1.06,YKL055C_68_8_-1.06
YGR248W,YGR248W_280_39_-0.94,YGR248W_417_51_0.94
YKL216W,YKL216W_8323_98_0.78,YKL216W_5880_95_-0.78
YDL171C,YDL171C_1677_74_0.8,YDL171C_1319_73_-0.8
YDR035W,YDR035W_1997_78_0.88,YDR035W_1415_76_-0.88
YOL058W,YOL058W_692_59_-0.92,YOL058W_1171_70_0.92
YOL033W,YOL033W_86_18_-0.09,YOL033W_90_18_0.09
YML126C,YML126C_3340_87_2.92,YML126C_1047_67_-2.92
YLR258W,YLR258W_428_49_-0.53,YLR258W_819_56_0.53
YHR208W,YHR208W_2202_79_1.1,YHR208W_1422_76_-1.1
YML054C,YML054C_390_46_-1.99,YML054C_1000_69_1.99
YOR136W,YOR136W_4174_91_-0.54,YOR136W_5875_94_0.54
YBR208C,YBR208C_67_15_-0.64,YBR208C_92_18_0.64
YPL069C,YPL069C_98_21_1.97,YPL069C_51_6_-1.97
YLR070C,YLR070C_49_11_-0.54,YLR070C_62_12_0.54
YDR234W,YDR234W_272_37_-0.27,YDR234W_285_42_0.27
YCR012W,YCR012W_15792_100_1.76,YCR012W_8937_96_-1.76
YOR202W,YOR202W_960_65_0.28,YOR202W_842_65_-0.28
YAL062W,YAL062W_21_4_-1.36,YAL062W_64_5_1.36
YOR236W,YOR236W_173_30_-0.91,YOR236W_296_40_0.91
YDR353W,YDR353W_1638_73_1.21,YDR353W_923_68_-1.21
YNL220W,YNL220W_2096_78_-2.03,YNL220W_5340_94_2.03
YDR343C,YDR343C_4726_94_0.64,YDR343C_3532_89_-0.64
YBR153W,YBR153W_258_38_0.33,YBR153W_228_36_-0.33
YNR057C,YNR057C_82_18_-0.42,YNR057C_100_21_0.42
YJL198W,YJL198W_1269_68_0.9,YJL198W_776_63_-0.9
YMR261C,YMR261C_553_55_0.83,YMR261C_456_48_-0.83
YNL052W,YNL052W_4980_94_3.63,YNL052W_1786_68_-3.63
YFL018C,YFL018C_1072_67_-0.49,YFL018C_1526_75_0.49
YKL192C,YKL192C_6888_96_0.68,YKL192C_4909_93_-0.68
YGR007W,YGR007W_318_42_0.72,YGR007W_228_37_-0.72
YGL055W,YGL055W_4456_93_-0.5,YGL055W_5611_95_0.5
YOR071C,YOR071C_57_12_-2.01,YOR071C_151_28_2.01
YOL055C,YOL055C_67_14_-2.62,YOL055C_227_35_2.62
YGR264C,YGR264C_4490_92_1.57,YGR264C_2284_84_-1.57
YOR347C,YOR347C_101_21_-0.08,YOR347C_119_21_0.08
YHR074W,YHR074W_202_33_-0.1,YHR074W_212_35_0.1
YJL166W,YJL166W_3544_88_-1.53,YJL166W_7338_96_1.53
YGL234W,YGL234W_2606_82_3.51,YGL234W_648_54_-3.51
YHR019C,YHR019C_1893_76_0.24,YHR019C_1744_79_-0.24
YIR028W,YIR028W_94_20_-0.02,YIR028W_101_19_0.02
YER061C,YER061C_122_24_0.53,YER061C_100_19_-0.53
YNL073W,YNL073W_316_41_1.87,YNL073W_146_26_-1.87
YPR128C,YPR128C_566_55_1.19,YPR128C_325_44_-1.19
YJR152W,YJR152W_66_14_-1.57,YJR152W_141_26_1.57
YER003C,YER003C_1914_77_0.63,YER003C_1452_77_-0.63
YBR085W,YBR085W_91_19_0.89,YBR085W_64_11_-0.89
YKL106W,YKL106W_1058_67_0.27,YKL106W_953_68_-0.27
YMR271C,YMR271C_26_5_-6.87,YMR271C_649_60_6.87
YGR260W,YGR260W_2193_78_2.74,YGR260W_811_57_-2.74
YKL080W,YKL080W_2660_83_-0.96,YKL080W_4268_92_0.96
YJL026W,YJL026W_2759_84_2.19,YJL026W_1170_70_-2.19
YMR085W,YMR085W___0,YMR085W___0
YLL012W,YLL012W_589_56_1.52,YLL012W_292_42_-1.52
YCL004W,YCL004W_39_8_4.61,YCL004W_10_0_-4.61
YBR291C,YBR291C_559_55_1.39,YBR291C_293_43_-1.39
YOL136C,YOL136C_272_39_3.09,YOL136C_84_13_-3.09
YPL275W,YPL275W___0,YPL275W___0
YOR155C,YOR155C_198_32_-0.14,YOR155C_241_34_0.14
YOR278W,YOR278W_304_41_-0.08,YOR278W_310_44_0.08
YOR074C,YOR074C_75_16_-0.62,YOR074C_99_20_0.62
YJL045W,YJL045W_13_2_-4.3,YJL045W_66_13_4.3
YGR208W,YGR208W_333_42_-0.04,YGR208W_342_45_0.04
YGL224C,YGL224C_393_46_-0.48,YGL224C_503_53_0.48
YDR072C,YDR072C_260_38_0.26,YDR072C_242_37_-0.26
YDR503C,YDR503C_122_24_0.84,YDR503C_82_16_-0.84
YIL053W,YIL053W_4385_92_2.2,YIL053W_1709_78_-2.2
YPL091W,YPL091W_1025_67_-0.06,YPL091W_1072_71_0.06
YKR031C,YKR031C_426_48_0.52,YKR031C_417_44_-0.52
YPL028W,YPL028W_6428_96_-0.25,YPL028W_7328_96_0.25
YLL028W,YLL028W_932_65_2.58,YLL028W_285_42_-2.58
YOL056W,YOL056W_91_18_-2.46,YOL056W_265_40_2.46
YLR027C,YLR027C_3439_86_-0.24,YLR027C_3414_89_0.24
YGL245W,YGL245W_2497_82_-0.05,YGL245W_2590_86_0.05
YPL059W,YPL059W_1651_73_0.88,YPL059W_1132_72_-0.88
YFL053W,YFL053W___0,YFL053W___0
YLR164W,YLR164W_102_21_0.02,YLR164W_102_21_-0.02
YGR254W,YGR254W_1911_67_2.3,YGR254W_539_49_-2.3
YDL093W,YDL093W_140_27_1.84,YDL093W_65_12_-1.84
YDR441C,YDR441C_377_43_2.22,YDR441C_124_24_-2.22
YDR508C,YDR508C_2037_77_3.76,YDR508C_482_46_-3.76
YDL174C,YDL174C_1222_68_0.01,YDL174C_1297_73_-0.01
YIL145C,YIL145C_112_23_-1.02,YIL145C_182_32_1.02
YHR018C,YHR018C_934_65_-0.38,YHR018C_1273_72_0.38
YPL188W,YPL188W_449_50_1.83,YPL188W_198_33_-1.83
YNL141W,YNL141W_586_56_2.63,YNL141W_183_32_-2.63
YBL042C,YBL042C_436_48_0.85,YBL042C_341_41_-0.85
YPL078C,YPL078C_1038_65_-0.62,YPL078C_1231_74_0.62
YIL074C,YIL074C_238_37_-0.47,YIL074C_315_43_0.47
YOR335C,YOR335C_1420_72_0.35,YOR335C_1204_74_-0.35
YJL126W,YJL126W_161_28_-0.14,YJL126W_178_31_0.14
YPR026W,YPR026W_152_28_-0.35,YPR026W_181_32_0.35
YMR008C,YMR008C_793_60_2.57,YMR008C_343_36_-2.57
YDR399W,YDR399W_1680_74_1.23,YDR399W_1054_68_-1.23
YKL024C,YKL024C_3777_89_-1.72,YKL024C_8279_97_1.72
YDL185W,YDL185W_1867_76_0.72,YDL185W_1345_76_-0.72
YKL181W,YKL181W_4942_94_-0.59,YKL181W_6497_96_0.59
YJR133W,YJR133W_2357_80_0.03,YJR133W_2315_86_-0.03
YGR192C,YGR192C_19497_101_2.61,YGR192C_13260_95_-2.61
YJR073C,YJR073C_529_52_-0.2,YJR073C_901_55_0.2
YDL078C,YDL078C_1146_67_0.29,YDL078C_982_68_-0.29
YLR377C,YLR377C_34_7_-1.12,YLR377C_55_11_1.12
YMR226C,YMR226C_8849_98_-0.05,YMR226C_9235_98_0.05
YGL037C,YGL037C_2830_84_-0.84,YGL037C_4540_92_0.84
YDR502C,YDR502C_1018_66_-0.35,YDR502C_1133_72_0.35
YJL052W,YJL052W_550_51_-7.14,YJL052W_13630_99_7.14
YIR034C,YIR034C_665_57_0.43,YIR034C_531_55_-0.43
YKL008C,YKL008C_1394_71_1.12,YKL008C_827_65_-1.12
YGL040C,YGL040C_557_53_0.79,YGL040C_400_48_-0.79
YEL046C,YEL046C_1574_72_4.53,YEL046C_455_33_-4.53
YNL009W,YNL009W_49_10_-0.72,YNL009W_68_13_0.72
YMR169C,YMR169C_254_37_-2.13,YMR169C_1144_61_2.13
YPR183W,YPR183W_696_50_3.9,YPR183W_191_15_-3.9
YJR057W,YJR057W_220_34_-0.79,YJR057W_297_43_0.79
YGL184C,YGL184C_104_22_-0.54,YGL184C_136_27_0.54
YDR204W,YDR204W_188_30_-0.56,YDR204W_245_36_0.56
YOR184W,YOR184W_1771_75_1.07,YOR184W_1208_71_-1.07
YGR012W,YGR012W_62_13_-1.59,YGR012W_123_24_1.59
YMR145C,YMR145C_2807_84_0.73,YMR145C_2005_83_-0.73
YBR183W,YBR183W_847_62_0.25,YBR183W_799_63_-0.25
YPR074C,YPR074C_4166_91_1.5,YPR074C_2146_83_-1.5
YDR300C,YDR300C_574_55_-0.14,YDR300C_777_59_0.14
YGL253W,YGL253W_5097_95_3.16,YGL253W_2279_73_-3.16
YJR139C,YJR139C_9845_99_-1.11,YJR139C_17058_99_1.11
YML081C-A,YML081C-A___0,YML081C-A___0
YLR017W,YLR017W_416_47_0.8,YLR017W_270_41_-0.8
YMR319C,YMR319C_177_30_1.81,YMR319C_75_15_-1.81
YBR029C,YBR029C_723_60_1.26,YBR029C_409_51_-1.26
YJL101C,YJL101C_165_29_1.07,YJL101C_103_21_-1.07
YLR351C,YLR351C_2491_81_0.02,YLR351C_2527_86_-0.02
YLR011W,YLR011W_15_3_-4.85,YLR011W_108_22_4.85
YDL198C,YDL198C_690_58_-0.47,YDL198C_948_66_0.47
YBR298C,YBR298C_44_10_1.06,YBR298C_26_3_-1.06
YBR068C,YBR068C_1898_76_2.64,YBR068C_699_56_-2.64
YPR033C,YPR033C_1657_74_-0.29,YPR033C_2010_81_0.29
YHR068W,YHR068W_2557_82_-0.21,YHR068W_2921_87_0.21
YDR019C,YDR019C_2479_81_5.3,YDR019C_260_35_-5.3
YJL068C,YJL068C_230_34_-1.13,YJL068C_368_47_1.13
YDR050C,YDR050C_18238_100_0.03,YDR050C_21053_100_-0.03
YPR160W,YPR160W_253_37_-1.41,YPR160W_507_53_1.41
YCR024C-A,YCR024C-A___0,YCR024C-A___0
YBR034C,YBR034C_636_57_0.11,YBR034C_616_58_-0.11
YBL015W,YBL015W_37_8_-3.54,YBL015W_235_33_3.54
YAL054C,YAL054C_308_41_0.25,YAL054C_278_40_-0.25
YDR384C,YDR384C_359_43_-1.74,YDR384C_865_64_1.74
YLR195C,YLR195C_446_49_0.68,YLR195C_315_44_-0.68
YDR315C,YDR315C_36_8_-0.17,YDR315C_38_5_0.17
YCL069W,YCL069W___0,YCL069W___0
YPR167C,YPR167C_69_15_-0.71,YPR167C_97_20_0.71
YIL043C,YIL043C_5991_96_1.09,YIL043C_4161_90_-1.09
YFR033C,YFR033C_1334_71_-2.65,YFR033C_4488_92_2.65
YOR120W,YOR120W_266_38_-4.56,YOR120W_2457_85_4.56
YGL205W,YGL205W_10_2_-1.39,YGL205W_19_2_1.39
YOR393W,YOR393W___0,YOR393W___0
YDR047W,YDR047W_509_52_-0.98,YDR047W_828_65_0.98
YGR124W,YGR124W_2433_81_0.52,YGR124W_1925_82_-0.52
YPR081C,YPR081C_44_10_-2.09,YPR081C_121_23_2.09
YBR026C,YBR026C_179_31_-1.85,YBR026C_448_51_1.85
YGR247W,YGR247W_33_7_0.13,YGR247W_36_4_-0.13
YGR088W,YGR088W_226_36_-2.59,YGR088W_812_63_2.59
YLR300W,YLR300W_3592_88_3.68,YLR300W_1155_60_-3.68
YOR163W,YOR163W_238_36_-0.89,YOR163W_361_47_0.89
YIL125W,YIL125W_1629_73_0.34,YIL125W_1556_76_-0.34
YNL129W,YNL129W_114_22_-1.75,YNL129W_244_38_1.75
YOR270C,YOR270C_8790_98_-1.03,YOR270C_15274_99_1.03
YJR103W,YJR103W_185_31_-2.69,YJR103W_699_59_2.69
YKL174C,YKL174C_508_53_-0.82,YKL174C_828_63_0.82
YLR304C,YLR304C_4231_92_1.72,YLR304C_2105_82_-1.72
YLR058C,YLR058C_4403_92_3.02,YLR058C_1070_71_-3.02
YFL017C,YFL017C_496_52_-0.25,YFL017C_577_56_0.25
YLR028C,YLR028C_747_61_2.3,YLR028C_306_40_-2.3
YIR031C,YIR031C_12_3_-3.2,YIR031C_52_9_3.2
YDR341C,YDR341C_6046_96_1.19,YDR341C_3691_89_-1.19
YCL025C,YCL025C_409_47_2.03,YCL025C_163_29_-2.03
YGL001C,YGL001C_1850_76_1.01,YGL001C_1193_73_-1.01
YER081W,YER081W_54_12_-3.05,YER081W_246_35_3.05
YFR053C,YFR053C_826_62_-1.13,YFR053C_1713_76_1.13
YHR092C,YHR092C_34_5_-1.66,YHR092C_52_10_1.66
YDR148C,YDR148C_493_51_0.37,YDR148C_587_51_-0.37
YLR189C,YLR189C_250_37_-0.1,YLR189C_264_40_0.1
YNL270C,YNL270C_64_14_0.73,YNL270C_45_7_-0.73
YDL247W,YDL247W___0,YDL247W___0
YBR256C,YBR256C_84_18_-0.62,YBR256C_110_23_0.62
YJR049C,YJR049C_41_9_-1.73,YJR049C_93_18_1.73
YAL012W,YAL012W_1249_62_1.72,YAL012W_359_47_-1.72
YER099C,YER099C_388_47_0.12,YER099C_405_48_-0.12
YBR299W,YBR299W_7_1_-1.86,YBR299W_16_1_1.86
YCL035C,YCL035C_2462_80_-3.05,YCL035C_10049_98_3.05
YDL168W,YDL168W_382_45_0.7,YDL168W_295_41_-0.7
YLR134W,YLR134W_403_47_1.86,YLR134W_173_31_-1.86
YML042W,YML042W_35_8_-1.86,YML042W_84_17_1.86
YKL146W,YKL146W_2091_77_1.34,YKL146W_1049_71_-1.34
YBR020W,YBR020W_8_1_2.61,YBR020W_2_0_-2.61
YDL080C,YDL080C_132_26_0.47,YDL080C_134_22_-0.47
YMR062C,YMR062C_422_49_0.52,YMR062C_337_45_-0.52
YKR067W,YKR067W_297_41_-1.78,YKR067W_736_61_1.78
YDR368W,YDR368W_1196_69_-1.17,YDR368W_2394_84_1.17
YDR268W,YDR268W_52_12_-1.33,YDR268W_98_20_1.33
YER091C,YER091C_3107_86_4.01,YER091C_627_53_-4.01
YOL064C,YOL064C_463_50_-1.08,YOL064C_783_63_1.08
YOR221C,YOR221C_223_35_0.55,YOR221C_204_31_-0.55
YJL060W,YJL060W_69_13_0.26,YJL060W_64_9_-0.26
YPL061W,YPL061W_4485_93_2.92,YPL061W_1219_73_-2.92
YLR240W,YLR240W_219_35_-0.11,YLR240W_231_37_0.11
YER174C,YER174C_735_57_0.09,YER174C_653_59_-0.09
YPR062W,YPR062W_4181_91_0.19,YPR062W_3901_90_-0.19
YIR032C,YIR032C_66_14_-0.13,YIR032C_72_13_0.13
YDR402C,YDR402C___0,YDR402C___0
YNL142W,YNL142W_93_20_1.64,YNL142W_49_6_-1.64
YHR144C,YHR144C_485_51_-0.27,YHR144C_557_55_0.27
YLR153C,YLR153C_3344_88_1.84,YLR153C_1857_77_-1.84
YMR313C,YMR313C_236_36_1.64,YMR313C_115_23_-1.64
YGL062W,YGL062W_446_49_-3.06,YGL062W_1909_80_3.06
YEL024W,YEL024W_5819_96_4.06,YEL024W_2395_67_-4.06
YDR380W,YDR380W_1685_74_1.44,YDR380W_867_67_-1.44
YMR300C,YMR300C_88_19_0.76,YMR300C_63_12_-0.76
YDL004W,YDL004W_2652_83_0.41,YDL004W_2254_85_-0.41
YMR011W,YMR011W_3188_86_3.2,YMR011W_755_62_-3.2
YIL107C,YIL107C_23_5_-2.21,YIL107C_68_13_2.21
YMR205C,YMR205C_5124_94_2.41,YMR205C_1959_78_-2.41
YNL130C,YNL130C_4069_91_0.55,YNL130C_3265_88_-0.55
YDR272W,YDR272W_151_27_-2.24,YDR272W_449_50_2.24
YLL041C,YLL041C_3166_86_1.36,YLL041C_2285_79_-1.36
YBR126C,YBR126C_1122_67_1.35,YBR126C_626_58_-1.35
YNR041C,YNR041C_390_47_2.41,YNR041C_127_25_-2.41
YLR237W,YLR237W_115_23_-1.87,YLR237W_276_41_1.87
YMR323W,YMR323W_38_8_-1.04,YMR323W_62_11_1.04
YDL141W,YDL141W_45_10_0.89,YDL141W_32_4_-0.89
YIL172C,YIL172C___0,YIL172C___0
YMR215W,YMR215W_2412_81_3.05,YMR215W_591_58_-3.05
YCL009C,YCL009C_942_65_2.43,YCL009C_345_43_-2.43
YEL047C,YEL047C_787_60_2.05,YEL047C_313_42_-2.05
YML004C,YML004C_1734_75_-1.54,YML004C_3784_89_1.54
YKL016C,YKL016C_2367_80_-1.54,YKL016C_5144_93_1.54
YKL060C,YKL060C_16350_100_0.07,YKL060C_17787_99_-0.07
YMR013C,YMR013C_247_37_0.63,YMR013C_199_33_-0.63
YMR202W,YMR202W_15164_100_0.33,YMR202W_13178_99_-0.33
YGR292W,YGR292W___0,YGR292W___0
YPL148C,YPL148C_100_20_-0.45,YPL148C_120_24_0.45
YOR040W,YOR040W_14_2_-2.1,YOR040W_32_2_2.1
YGL187C,YGL187C_2900_85_0.03,YGL187C_2871_87_-0.03
YJR095W,YJR095W_16_4_-0.51,YJR095W_29_2_0.51
YNL104C,YNL104C_4829_94_1.63,YNL104C_2353_85_-1.63
YNL267W,YNL267W_208_33_0.48,YNL267W_192_30_-0.48
YHR183W,YHR183W_4006_90_-0.98,YHR183W_6627_96_0.98
YIL013C,YIL013C_179_29_2.64,YIL013C_50_9_-2.64
YDR058C,YDR058C_91_19_-0.77,YDR058C_129_25_0.77
YNL029C,YNL029C_334_43_-0.01,YNL029C_380_45_0.01
YOL020W,YOL020W_391_47_2.45,YOL020W_166_25_-2.45
YPR060C,YPR060C_628_55_-0.83,YPR060C_853_66_0.83
YKR066C,YKR066C_1169_68_0.73,YKR066C_1018_65_-0.73
YLL057C,YLL057C___0,YLL057C___0
YPL053C,YPL053C_800_62_-0.86,YPL053C_1244_74_0.86
YGL256W,YGL256W_543_54_-1.38,YGL256W_1945_70_1.38
YBR265W,YBR265W_618_56_2.94,YBR265W_159_29_-2.94
YFL055W,YFL055W_12_3_1.02,YFL055W_7_1_-1.02
YPL231W,YPL231W_3479_86_-0.02,YPL231W_3542_88_0.02
YEL058W,YEL058W_868_63_0.87,YEL058W_580_57_-0.87
YLR172C,YLR172C_802_61_-0.18,YLR172C_811_65_0.18
YDL021W,YDL021W_49_10_-7.87,YDL021W_1850_80_7.87
YNR034W,YNR034W_408_44_-5.31,YNR034W_4467_92_5.31
YDL045C,YDL045C_93_20_-0.27,YDL045C_110_22_0.27
YAL038W,YAL038W_13983_100_0.99,YAL038W_8669_98_-0.99
YOL140W,YOL140W_112_23_1.52,YOL140W_61_11_-1.52
YPR006C,YPR006C_28_6_-2.27,YPR006C_82_17_2.27
YJR143C,YJR143C_4112_91_1.39,YJR143C_2192_85_-1.39
YJL121C,YJL121C_1583_71_1.01,YJL121C_855_66_-1.01
Q0250,Q0250___0,Q0250___0
YPL212C,YPL212C_261_38_0.29,YPL212C_237_37_-0.29
YGR155W,YGR155W_2865_84_-0.33,YGR155W_3236_88_0.33
YLR155C,YLR155C_27_6_-0.06,YLR155C_35_4_0.06
YPL172C,YPL172C_196_32_1.97,YPL172C_79_16_-1.97
YLR100W,YLR100W_4430_92_0.49,YLR100W_3557_89_-0.49
YMR083W,YMR083W_2477_81_-1.4,YMR083W_5205_93_1.4
YOR168W,YOR168W_381_45_-0.43,YOR168W_476_53_0.43
YIL111W,YIL111W_137_26_-1.64,YIL111W_284_41_1.64
YLR260W,YLR260W_159_29_-0.87,YLR260W_274_38_0.87
YPR001W,YPR001W_27_5_-0.81,YPR001W_38_5_0.81
YGL084C,YGL084C_504_52_1.58,YGL084C_268_38_-1.58
YOR128C,YOR128C_1278_70_1.88,YOR128C_614_55_-1.88
YKL004W,YKL004W_3274_87_-0.47,YKL004W_5299_91_0.47
YCR010C,YCR010C_37_7_-0.7,YCR010C_48_8_0.7
YCR048W,YCR048W_266_37_5.72,YCR048W_31_2_-5.72
YDR062W,YDR062W_2753_82_3.35,YDR062W_891_55_-3.35
YPL244C,YPL244C_334_42_0.16,YPL244C_309_44_-0.16
YKL182W,YKL182W_5894_96_-0.81,YKL182W_8912_97_0.81
YJR105W,YJR105W_7018_97_1.21,YJR105W_3930_91_-1.21
YOL049W,YOL049W_513_53_-0.29,YOL049W_625_58_0.29
YBR092C,YBR092C_116_23_-1.53,YBR092C_232_37_1.53
YGR183C,YGR183C_2281_80_-1.18,YGR183C_3998_91_1.18
YMR088C,YMR088C_347_43_-0.48,YMR088C_431_52_0.48
YGR175C,YGR175C_2470_81_1.68,YGR175C_1238_73_-1.68
YER090W,YER090W_1228_69_0.46,YER090W_1054_69_-0.46
YER053C,YER053C_413_48_0,YER053C_437_51_0
YGR194C,YGR194C_136_26_0.01,YGR194C_140_27_-0.01
YKL211C,YKL211C_522_53_-0.56,YKL211C_687_61_0.56
YHR128W,YHR128W_2160_78_1.04,YHR128W_1441_75_-1.04
YKL184W,YKL184W_430_49_1.41,YKL184W_316_36_-1.41
YMR118C,YMR118C_38_8_-0.86,YMR118C_59_10_0.86
YHR163W,YHR163W_3554_89_2.34,YHR163W_1270_74_-2.34
YIL164C,YIL164C_77_16_3.06,YIL164C_28_2_-3.06
YIL162W,YIL162W_206_33_3.45,YIL162W_110_6_-3.45
YOR222W,YOR222W_315_41_-0.22,YOR222W_345_46_0.22
YPR020W,YPR020W_670_57_-1.07,YPR020W_1118_71_1.07
YPL189W,YPL189W_51_11_0.33,YPL189W_48_7_-0.33
YDL103C,YDL103C_313_40_0.2,YDL103C_279_41_-0.2
YKL218C,YKL218C_78_16_0.03,YKL218C_76_14_-0.03
YDR127W,YDR127W_2733_84_1.22,YDR127W_1767_78_-1.22
YMR250W,YMR250W_278_39_-2.25,YMR250W_800_64_2.25
YHL003C,YHL003C_220_35_0.8,YHL003C_157_29_-0.8
YJL155C,YJL155C_226_35_-0.8,YJL155C_353_44_0.8
YBR294W,YBR294W_22_4_-0.58,YBR294W_29_3_0.58
YLR382C,YLR382C_83_17_-0.08,YLR382C_85_17_0.08
YGR209C,YGR209C_2626_83_-0.56,YGR209C_3818_89_0.56
YOL132W,YOL132W_32_6_-3.48,YOL132W_187_29_3.48
YBL064C,YBL064C_637_57_0.24,YBL064C_572_56_-0.24
YFL045C,YFL045C_4479_93_0.42,YFL045C_4084_90_-0.42
YOR388C,YOR388C_10_2_-1.44,YOR388C_14_1_1.44
YDL181W,YDL181W_887_64_-1.86,YDL181W_2135_84_1.86
YMR303C,YMR303C_248_36_-2.19,YMR303C_723_59_2.19
YGR204W,YGR204W_1277_69_0.35,YGR204W_1057_70_-0.35
YKL029C,YKL029C_508_50_-0.08,YKL029C_691_53_0.08
YOL030W,YOL030W_4035_90_1.56,YOL030W_1899_81_-1.56
YBL098W,YBL098W_527_53_-1.6,YBL098W_1138_71_1.6
YJR009C,YJR009C_17151_100_-0.03,YJR009C_19817_99_0.03
YNL169C,YNL169C_1147_68_2.28,YNL169C_425_50_-2.28
YER170W,YER170W_73_15_4.4,YER170W_25_1_-4.4
YBR199W,YBR199W_812_61_-0.18,YBR199W_851_65_0.18
YIL134W,YIL134W_268_39_2.27,YIL134W_98_19_-2.27
YGL125W,YGL125W_358_44_2.22,YGL125W_140_26_-2.22
YER069W,YER069W_641_57_1.06,YER069W_400_49_-1.06
YJL196C,YJL196C_4345_92_-0.21,YJL196C_4767_92_0.21
YHR137W,YHR137W_2218_79_1.51,YHR137W_1104_72_-1.51
YCR053W,YCR053W_1508_72_-0.25,YCR053W_1636_79_0.25
YER060W,YER060W_63_14_-0.6,YER060W_82_16_0.6
YOL052C,YOL052C_900_63_1.39,YOL052C_492_52_-1.39
YEL038W,YEL038W_627_55_0.99,YEL038W_377_48_-0.99
YDR242W,YDR242W_27_6_-1.12,YDR242W_44_7_1.12
YDL215C,YDL215C_252_37_1.91,YDL215C_112_21_-1.91
YLR354C,YLR354C_2018_78_-1.36,YLR354C_3891_90_1.36
YJR016C,YJR016C_4444_93_2.24,YJR016C_1668_78_-2.24
YGL009C,YGL009C_3777_89_0.71,YGL009C_2869_87_-0.71
YBR192W,YBR192W_267_39_2.17,YBR192W_100_20_-2.17
YDR530C,YDR530C_219_34_1.09,YDR530C_133_25_-1.09
YLR295C,YLR295C_4274_91_1.88,YLR295C_2144_80_-1.88
YKR058W,YKR058W_126_24_-0.66,YKR058W_173_30_0.66
YDR284C,YDR284C_1696_73_-0.44,YDR284C_2092_83_0.44
YKL141W,YKL141W_6933_97_-1.23,YKL141W_12523_99_1.23
YOR273C,YOR273C_663_58_1.08,YOR273C_393_50_-1.08
YIL020C,YIL020C_330_42_1.26,YIL020C_184_33_-1.26
YBR036C,YBR036C_943_65_2.26,YBR036C_362_45_-2.26
YPL092W,YPL092W_633_57_-0.28,YPL092W_734_62_0.28
YER023W,YER023W_1746_75_2.57,YER023W_628_55_-2.57
YGL012W,YGL012W_4986_94_1.54,YGL012W_2404_86_-1.54
YAL023C,YAL023C_2585_81_0.9,YAL023C_1736_79_-0.9
YKR053C,YKR053C_380_45_1.21,YKR053C_209_35_-1.21
YKL194C,YKL194C_205_34_1.61,YKL194C_122_20_-1.61
YDR074W,YDR074W_1196_68_0.91,YDR074W_1064_64_-0.91
YLR308W,YLR308W___0,YLR308W___0
YPR121W,YPR121W_89_19_-0.63,YPR121W_123_24_0.63
YIL066C,YIL066C___0,YIL066C___0
YJR160C,YJR160C_68_15_3.66,YJR160C_20_1_-3.66
YLR160C,YLR160C___0,YLR160C___0
YGR019W,YGR019W_113_23_-1.16,YGR019W_206_34_1.16
YCR005C,YCR005C_489_51_-4.49,YCR005C_3977_91_4.49
YBR263W,YBR263W_2996_85_2.88,YBR263W_1010_64_-2.88
YLL062C,YLL062C_12_2_1.25,YLL062C_9_0_-1.25
YAR075W,YAR075W_1494_71_-2.7,YAR075W_5158_93_2.7
YBL076C,YBL076C_1621_73_-0.44,YBL076C_1975_83_0.44
YJR153W,YJR153W___0,YJR153W___0
YBR213W,YBR213W_39_9_-1.94,YBR213W_95_18_1.94
YKL152C,YKL152C_17009_100_1.88,YKL152C_10239_97_-1.88
YLR092W,YLR092W_60_13_0.33,YLR092W_58_10_-0.33
YHR037W,YHR037W_629_56_-0.04,YHR037W_656_60_0.04
YGL119W,YGL119W_111_23_0.6,YGL119W_83_16_-0.6
YHR007C,YHR007C_9840_98_1.3,YHR007C_5292_94_-1.3
YHR174W,YHR174W_12719_99_6.25,YHR174W_2112_62_-6.25
YIL010W,YIL010W_396_46_0.86,YIL010W_276_40_-0.86
YLR109W,YLR109W_6787_97_-1.26,YLR109W_13667_98_1.26
YGR199W,YGR199W_877_64_0.83,YGR199W_589_58_-0.83
YGL154C,YGL154C_543_54_-0.25,YGL154C_652_58_0.25
YPL274W,YPL274W_150_27_-2.14,YPL274W_469_50_2.14
YJR121W,YJR121W_2892_84_1.72,YJR121W_1580_75_-1.72
YAR015W,YAR015W_1750_75_1.1,YAR015W_1066_71_-1.1
YGL191W,YGL191W_1401_71_-2.22,YGL191W_4041_91_2.22
YJL214W,YJL214W_40_9_-0.35,YJL214W_52_7_0.35
YOL143C,YOL143C_3054_85_1.59,YOL143C_1548_77_-1.59
YBR205W,YBR205W_386_45_1.86,YBR205W_175_29_-1.86
YML110C,YML110C_992_66_0.13,YML110C_974_68_-0.13
YPL252C,YPL252C_551_50_-0.02,YPL252C_489_52_0.02
YLR305C,YLR305C_428_49_0.47,YLR305C_352_46_-0.47
YIL124W,YIL124W_1946_77_0.77,YIL124W_1430_76_-0.77
YER019W,YER019W_282_39_2.63,YER019W_85_16_-2.63
YDR046C,YDR046C_429_49_0.65,YDR046C_322_44_-0.65
YDR158W,YDR158W_3235_87_1.21,YDR158W_1891_81_-1.21
YBR296C,YBR296C_95_17_-0.17,YBR296C_85_17_0.17
YEL042W,YEL042W_777_59_1.44,YEL042W_362_47_-1.44
YKL085W,YKL085W_3000_85_-0.02,YKL085W_3857_88_0.02
YBR084W,YBR084W_875_63_2.64,YBR084W_322_39_-2.64
YML059C,YML059C_1184_68_1.03,YML059C_740_62_-1.03
YKL203C,YKL203C_528_53_-0.19,YKL203C_597_57_0.19
YML022W,YML022W_2986_85_2.3,YML022W_1044_70_-2.3
YPL234C,YPL234C_5521_95_0.89,YPL234C_3798_90_-0.89
YLR355C,YLR355C_6503_96_2.2,YLR355C_2979_86_-2.2
YFL001W,YFL001W_95_20_1.69,YFL001W_99_7_-1.69
YLR285W,YLR285W_687_58_1.27,YLR285W_376_48_-1.27
YHR039C-A,YHR039C-A___0,YHR039C-A___0
YDL210W,YDL210W_40_8_-0.41,YDL210W_46_7_0.41
YHL011C,YHL011C_1482_72_0.04,YHL011C_1554_77_-0.04
YHL032C,YHL032C_91_19_0.59,YHL032C_73_13_-0.59
YCR037C,YCR037C_737_60_0.62,YCR037C_590_56_-0.62
YHR002W,YHR002W_169_29_0.47,YHR002W_133_26_-0.47
YKR039W,YKR039W_134_26_0.88,YKR039W_92_18_-0.88
YLR020C,YLR020C_92_19_-0.43,YLR020C_106_22_0.43
YLR138W,YLR138W_173_30_-1.03,YLR138W_302_42_1.03
YOR171C,YOR171C_88_19_-0.01,YOR171C_91_18_0.01
YER087W,YER087W_94_20_-0.84,YER087W_142_28_0.84
YFL011W,YFL011W_47_10_-0.05,YFL011W_53_8_0.05
YLR043C,YLR043C_9348_98_-0.44,YLR043C_11910_98_0.44
YMR084W,YMR084W___0,YMR084W___0
YBR161W,YBR161W_264_38_1.51,YBR161W_128_26_-1.51
YCR032W,YCR032W_139_27_-0.67,YCR032W_184_33_0.67
YHR044C,YHR044C___0,YHR044C___0
YBL099W,YBL099W_2151_79_0.23,YBL099W_1991_82_-0.23
YNL106C,YNL106C_62_12_0.07,YNL106C_69_10_-0.07
YLR359W,YLR359W_3090_86_0.64,YLR359W_2350_86_-0.64
YBR176W,YBR176W_192_32_-1.25,YBR176W_374_46_1.25
YKL150W,YKL150W_2692_83_0.84,YKL150W_1862_80_-0.84
YOR332W,YOR332W_3553_89_-0.19,YOR332W_3889_91_0.19
YLR038C,YLR038C_9142_98_-1.15,YLR038C_17034_99_1.15
YER055C,YER055C_4232_92_1.91,YER055C_1746_80_-1.91
YMR318C,YMR318C_770_60_2.52,YMR318C_356_36_-2.52
YCL030C,YCL030C_2926_85_1.28,YCL030C_2316_79_-1.28
YCR083W,YCR083W_309_41_-1.53,YCR083W_756_60_1.53
YDR044W,YDR044W_323_42_1.69,YDR044W_174_28_-1.69
YLR284C,YLR284C_45_9_0.3,YLR284C_43_5_-0.3
YKL104C,YKL104C_1575_72_2.42,YKL104C_653_55_-2.42
YAR073W,YAR073W_355_43_0.7,YAR073W_829_38_-0.7
YDR321W,YDR321W_3345_86_0.87,YDR321W_2328_84_-0.87
YDL142C,YDL142C_207_33_0.52,YDL142C_161_29_-0.52
YER178W,YER178W_2848_83_1.74,YER178W_1197_73_-1.74
YPL281C,YPL281C___0,YPL281C___0
YBL033C,YBL033C_273_40_-0.22,YBL033C_383_43_0.22
YKL067W,YKL067W_3585_88_-2.34,YKL067W_10422_98_2.34
YLR245C,YLR245C_186_31_0.75,YLR245C_128_25_-0.75
YLR081W,YLR081W_49_11_-0.48,YLR081W_62_12_0.48
YJR158W,YJR158W_43_9_-0.01,YJR158W_41_6_0.01
YNR001C,YNR001C_1668_74_-2.89,YNR001C_6585_96_2.89
YIL116W,YIL116W_536_54_-0.01,YIL116W_636_55_0.01
YKR061W,YKR061W_264_39_-0.51,YKR061W_339_45_0.51
YGR060W,YGR060W_7206_97_1.54,YGR060W_3695_90_-1.54
YER014W,YER014W_128_26_0.43,YER014W_120_22_-0.43
Q0130,Q0130___0,Q0130___0
YPR191W,YPR191W_1226_68_0.39,YPR191W_1423_69_-0.39
YGR096W,YGR096W_92_19_0.46,YGR096W_73_14_-0.46
YIR037W,YIR037W_1242_70_-0.2,YIR037W_1385_76_0.2
YJR001W,YJR001W_882_62_-0.19,YJR001W_974_67_0.19
YER141W,YER141W_1714_75_2.1,YER141W_866_60_-2.1
YBR115C,YBR115C_739_60_0.28,YBR115C_682_60_-0.28
YPR021C,YPR021C_128_25_0.26,YPR021C_112_23_-0.26
YGR256W,YGR256W_224_36_0.47,YGR256W_210_32_-0.47
YKR097W,YKR097W_82_16_-2.09,YKR097W_203_34_2.09
YHR094C,YHR094C_3168_84_-1.16,YHR094C_5223_93_1.16
YPR140W,YPR140W_74_15_0.37,YPR140W_57_11_-0.37
YOR125C,YOR125C_104_22_-0.58,YOR125C_139_27_0.58
YNL318C,YNL318C_2_1_-1.12,YNL318C_3_0_1.12
YPL134C,YPL134C_93_18_-0.84,YPL134C_130_25_0.84
YBR039W,YBR039W_2825_84_0.82,YBR039W_2620_82_-0.82
YBR018C,YBR018C_37_9_-1.4,YBR018C_71_14_1.4
YGL225W,YGL225W_3885_90_1.35,YGL225W_2163_84_-1.35
YML106W,YML106W_5393_95_0.12,YML106W_5271_94_-0.12
YIR027C,YIR027C_45_10_-0.21,YIR027C_48_8_0.21
YGR143W,YGR143W_333_43_3.14,YGR143W_127_15_-3.14
YPR036W,YPR036W_2303_80_0.13,YPR036W_2163_84_-0.13
YGL063W,YGL063W_6_1_2.62,YGL063W_1_0_-2.62
YNR012W,YNR012W_144_27_0.87,YNR012W_95_20_-0.87
YHL012W,YHL012W_3_1_-2.97,YHL012W_8_0_2.97
YPL023C,YPL023C_208_35_1.96,YPL023C_96_17_-1.96
YEL039C,YEL039C_528_50_-3.8,YEL039C_2555_86_3.8
Q0080,Q0080___0,Q0080___0
YBL013W,YBL013W___0,YBL013W___0
YDR497C,YDR497C_2253_79_0.93,YDR497C_1618_77_-0.93
YAL022C,YAL022C_401_47_0.06,YAL022C_389_49_-0.06
YDR261C,YDR261C_98_21_-0.19,YDR261C_107_22_0.19
YPL110C,YPL110C_165_29_-0.07,YPL110C_186_31_0.07
YFL022C,YFL022C_617_56_1.3,YFL022C_328_45_-1.3
YLL018C,YLL018C_2487_80_-0.56,YLL018C_3101_88_0.56
YMR009W,YMR009W_1367_70_-1.26,YMR009W_2534_86_1.26
YKL127W,YKL127W_1002_66_0.99,YKL127W_629_59_-0.99
YGR286C,YGR286C_174_29_-2.55,YGR286C_565_56_2.55
YOR241W,YOR241W_869_63_0.25,YOR241W_779_63_-0.25
YOR100C,YOR100C_23_4_-2.39,YOR100C_52_10_2.39
YKR009C,YKR009C_332_41_0.09,YKR009C_315_43_-0.09
YMR272C,YMR272C_2259_78_0.91,YMR272C_1448_76_-0.91
YLL043W,YLL043W_280_40_-0.42,YLL043W_342_46_0.42
YER005W,YER005W_219_35_0.82,YER005W_162_28_-0.82
YNL280C,YNL280C_504_52_0.5,YNL280C_424_50_-0.5
YHR123W,YHR123W_118_24_2.73,YHR123W_40_5_-2.73
YPL040C,YPL040C_75_16_0.17,YPL040C_73_13_-0.17
YDL205C,YDL205C_36_7_-1.81,YDL205C_90_16_1.81
YJR025C,YJR025C_201_32_-0.43,YJR025C_261_38_0.43
YMR120C,YMR120C_2136_79_4.21,YMR120C_364_43_-4.21
YBR117C,YBR117C_120_24_2.45,YBR117C_44_5_-2.45
YJL134W,YJL134W_173_30_-0.67,YJL134W_237_38_0.67
YGL202W,YGL202W_2001_76_2,YGL202W_833_62_-2
YOL077W-A,YOL077W-A___0,YOL077W-A___0
YER119C,YER119C_19_3_-1.24,YER119C_30_4_1.24
YOR143C,YOR143C_113_23_-0.11,YOR143C_118_23_0.11
YCL040W,YCL040W_1541_71_0.65,YCL040W_1258_70_-0.65
YER073W,YER073W_263_38_2.12,YER073W_109_20_-2.12
YFL030W,YFL030W_382_45_-2.27,YFL030W_1303_71_2.27
YHR042W,YHR042W_1427_71_2.2,YHR042W_525_54_-2.2
YPR002W,YPR002W_37_8_-3.86,YPR002W_276_35_3.86
YDR147W,YDR147W_84_17_-0.3,YDR147W_95_19_0.3
YDR322C-A,YDR322C-A___0,YDR322C-A___0
YCR073W-A,YCR073W-A___0,YCR073W-A___0
YCR075C,YCR075C_787_62_1.77,YCR075C_359_46_-1.77
YHR043C,YHR043C_206_33_-1.44,YHR043C_393_49_1.44
YLR133W,YLR133W_207_33_0.93,YLR133W_153_26_-0.93
YPR192W,YPR192W___0,YPR192W___0
YKL217W,YKL217W_117_22_-1.15,YKL217W_186_32_1.15
YDR017C,YDR017C_462_48_0.84,YDR017C_307_42_-0.84
YMR189W,YMR189W_2497_82_3.51,YMR189W_530_54_-3.51
YHR011W,YHR011W_32_6_-1.57,YHR011W_62_12_1.57
YML070W,YML070W_914_64_-1.58,YML070W_2302_81_1.58
YLR348C,YLR348C_714_57_2.3,YLR348C_270_36_-2.3
YDR111C,YDR111C_43_9_0.81,YDR111C_50_3_-0.81
YPL036W,YPL036W_235_36_2.57,YPL036W_76_14_-2.57
YNL037C,YNL037C_1083_67_-0.78,YNL037C_1693_78_0.78
YHR025W,YHR025W_1372_61_-0.16,YHR025W_879_66_0.16
YNR050C,YNR050C_1279_69_1.6,YNR050C_616_58_-1.6
YDR256C,YDR256C_32_7_0.19,YDR256C_32_4_-0.19
YFR025C,YFR025C_300_41_0.67,YFR025C_223_36_-0.67
YBR132C,YBR132C_21_4_0.26,YBR132C_31_1_-0.26
YML096W,YML096W_132_26_0.06,YML096W_134_25_-0.06
YFR030W,YFR030W_79_16_-0.17,YFR030W_86_17_0.17
YDR173C,YDR173C_55_12_-1.54,YDR173C_121_23_1.54
YMR306W,YMR306W_66_15_1.56,YMR306W_44_5_-1.56
YJL005W,YJL005W_270_39_1.43,YJL005W_145_27_-1.43
YGR287C,YGR287C_21_4_-1.59,YGR287C_43_6_1.59
YNL003C,YNL003C_119_24_-0.39,YNL003C_143_28_0.39
YBL039C,YBL039C_3366_88_1.21,YBL039C_1936_82_-1.21
YPL271W,YPL271W_4249_92_-0.8,YPL271W_6673_96_0.8
YLR044C,YLR044C_12205_99_1.58,YLR044C_6268_95_-1.58
YMR307W,YMR307W_12715_99_2.57,YMR307W_4240_91_-2.57
YPL057C,YPL057C_192_32_3.74,YPL057C_44_5_-3.74
YBL030C,YBL030C_4243_91_0.65,YBL030C_3119_88_-0.65
YGR065C,YGR065C_711_58_2.29,YGR065C_233_37_-2.29
YDR354W,YDR354W_377_44_1.68,YDR354W_187_30_-1.68
YER015W,YER015W_19_4_0.11,YER015W_18_2_-0.11
YGR061C,YGR061C_1564_72_1.02,YGR061C_961_68_-1.02
YFR015C,YFR015C_82_17_-0.95,YFR015C_126_25_0.95
YLR432W,YLR432W_3704_89_-0.93,YLR432W_5483_94_0.93
YEL017C-A,YEL017C-A___0,YEL017C-A___0
YOR374W,YOR374W_410_46_0.04,YOR374W_392_48_-0.04
YDL178W,YDL178W_787_61_1.28,YDL178W_426_51_-1.28
YLL048C,YLL048C_2570_83_0.49,YLL048C_2157_83_-0.49
YBR003W,YBR003W_306_41_1.13,YBR003W_182_32_-1.13
YDL052C,YDL052C_742_58_-0.18,YDL052C_731_62_0.18
YGL148W,YGL148W_2872_83_0.53,YGL148W_2237_84_-0.53
YOR245C,YOR245C_573_54_-0.76,YOR245C_841_64_0.76
YDL245C,YDL245C___0,YDL245C___0
YJL212C,YJL212C_502_50_4.75,YJL212C_57_9_-4.75
YKL035W,YKL035W_3294_87_0.5,YKL035W_2709_87_-0.5
YCR028C,YCR028C_122_24_1.68,YCR028C_57_11_-1.68
YDL015C,YDL015C_3896_90_2.9,YDL015C_1150_70_-2.9
YER183C,YER183C_428_49_0.1,YER183C_411_51_-0.1
YER062C,YER062C_1967_77_1.43,YER062C_1047_70_-1.43
YMR056C,YMR056C_197_32_-0.25,YMR056C_222_36_0.25
Q0105,Q0105___0,Q0105___0
YOL096C,YOL096C_206_34_-0.01,YOL096C_229_34_0.01
YJR159W,YJR159W_187_31_0.3,YJR159W_164_30_-0.3
YHR106W,YHR106W_130_25_-1.79,YHR106W_345_43_1.79
YAR035W,YAR035W_95_19_-0.44,YAR035W_115_23_0.44
YDL100C,YDL100C_1579_73_-0.75,YDL100C_2321_85_0.75
YIL099W,YIL099W_89_18_-1.2,YIL099W_182_29_1.2
YHR067W,YHR067W_127_25_0.91,YHR067W_105_16_-0.91
YMR207C,YMR207C_54_12_-0.25,YMR207C_78_11_0.25
YIL094C,YIL094C_1655_74_-0.21,YIL094C_1841_81_0.21
YMR246W,YMR246W_616_56_0.94,YMR246W_434_50_-0.94
YIL078W,YIL078W_3355_87_0,YIL078W_3346_88_0
YLR201C,YLR201C_715_60_1.13,YLR201C_450_52_-1.13
YDL067C,YDL067C_2954_85_-1,YDL067C_5099_93_1
YGR020C,YGR020C_1508_72_-0.15,YGR020C_1590_79_0.15
YHR091C,YHR091C_156_28_0.16,YHR091C_185_28_-0.16
YGR037C,YGR037C_8159_98_0.31,YGR037C_7212_96_-0.31
YDR007W,YDR007W_359_44_-0.19,YDR007W_435_49_0.19
YDL131W,YDL131W_1280_70_-0.91,YDL131W_2100_82_0.91
YFR047C,YFR047C_1284_70_-0.83,YFR047C_1962_81_0.83
YLR174W,YLR174W_36_6_-2.25,YLR174W_100_18_2.25
YML123C,YML123C_1658_72_1.43,YML123C_1034_64_-1.43
YNR008W,YNR008W_149_27_3.92,YNR008W_70_3_-3.92
YJR019C,YJR019C_218_34_1,YJR019C_137_26_-1
YDR400W,YDR400W_235_36_-1.91,YDR400W_667_56_1.91
YDR001C,YDR001C_368_45_-0.79,YDR001C_567_55_0.79
YDR178W,YDR178W_3296_87_-0.01,YDR178W_3312_88_0.01
YML082W,YML082W_122_25_1.39,YML082W_71_12_-1.39
YLL061W,YLL061W_17_3_-0.25,YLL061W_19_2_0.25
YBL045C,YBL045C_370_45_0.63,YBL045C_304_41_-0.63
YGL077C,YGL077C_971_65_-0.51,YGL077C_1295_74_0.51
YBR006W,YBR006W_102_21_-1.47,YBR006W_209_34_1.47
YIL160C,YIL160C_80_17_0.75,YIL160C_61_11_-0.75
YBL011W,YBL011W_118_24_1.88,YBL011W_49_9_-1.88
YLR151C,YLR151C_17_3_-2.14,YLR151C_39_6_2.14
YAL060W,YAL060W_1638_73_-0.97,YAL060W_2732_87_0.97
YEL069C,YEL069C___0,YEL069C___0
YJR137C,YJR137C_398_47_0.29,YJR137C_381_47_-0.29
YDL182W,YDL182W_5408_95_-0.3,YDL182W_6158_95_0.3
YLR231C,YLR231C_419_48_-0.48,YLR231C_572_54_0.48
YJL070C,YJL070C_49_11_-1.07,YJL070C_86_16_1.07
YMR170C,YMR170C_61_13_-0.5,YMR170C_85_15_0.5
YMR208W,YMR208W_138_27_-0.81,YMR208W_203_34_0.81
YBR127C,YBR127C_3068_86_1.96,YBR127C_1457_75_-1.96
YNR019W,YNR019W_44_10_-0.88,YNR019W_66_13_0.88
YOR099W,YOR099W_1345_71_0.72,YOR099W_968_69_-0.72
YGR087C,YGR087C___0,YGR087C___0
YDR531W,YDR531W_668_58_-1.2,YDR531W_1248_73_1.2
YAR071W,YAR071W_108_23_0.14,YAR071W_115_21_-0.14
YGR244C,YGR244C_192_32_-2.37,YGR244C_590_57_2.37
YLR146C,YLR146C_351_44_1.34,YLR146C_191_33_-1.34
YBR218C,YBR218C_888_64_-0.24,YBR218C_1005_69_0.24
YHR046C,YHR046C_123_25_-3.97,YHR046C_894_64_3.97
YML056C,YML056C_4939_94_-0.84,YML056C_7671_97_0.84
YHR104W,YHR104W_763_61_1.64,YHR104W_439_47_-1.64
YLR089C,YLR089C_4651_93_3.82,YLR089C_871_65_-3.82
YDR377W,YDR377W_1728_74_0.27,YDR377W_1495_78_-0.27
YPL111W,YPL111W_919_63_-0.5,YPL111W_1338_71_0.5
YNL277W,YNL277W_19_2_-1.8,YNL277W_30_3_1.8
YOR065W,YOR065W_337_43_0.8,YOR065W_275_37_-0.8
YOL061W,YOL061W_1203_69_1.1,YOL061W_717_62_-1.1
YBR166C,YBR166C_218_33_-0.74,YBR166C_306_42_0.74
YER043C,YER043C_3900_90_2.68,YER043C_1543_72_-2.68
YMR054W,YMR054W_692_59_1.52,YMR054W_376_46_-1.52
YGL026C,YGL026C_2480_79_0.36,YGL026C_2060_81_-0.36
YCL064C,YCL064C_56_11_1.24,YCL064C_31_4_-1.24
YER026C,YER026C_2458_81_0.7,YER026C_1831_80_-0.7
YMR267W,YMR267W_55_12_-0.52,YMR267W_72_14_0.52
YNL111C,YNL111C_4324_92_-0.57,YNL111C_5624_95_0.57
YOL065C,YOL065C_59_13_-1.26,YOL065C_105_22_1.26
YOR011W,YOR011W_325_42_-0.22,YOR011W_383_47_0.22
YPL160W,YPL160W_863_63_2.08,YPL160W_429_45_-2.08
YDR208W,YDR208W_496_52_1.58,YDR208W_290_38_-1.58
YLR180W,YLR180W_1066_66_3.96,YLR180W_168_30_-3.96
YNR033W,YNR033W_98_20_0.04,YNR033W_94_19_-0.04
YCR036W,YCR036W_701_59_-0.68,YCR036W_982_68_0.68
YDR298C,YDR298C_1222_69_0.67,YDR298C_907_67_-0.67
YJL088W,YJL088W_93_20_-0.78,YJL088W_135_26_0.78
YDR453C,YDR453C_104_21_-0.99,YDR453C_175_30_0.99
YPR113W,YPR113W_4616_93_-0.1,YPR113W_4879_93_0.1
YDR294C,YDR294C_745_60_0.65,YDR294C_552_56_-0.65
YLR056W,YLR056W_10912_99_1.66,YLR056W_5137_94_-1.66
YBR011C,YBR011C_5179_95_0.44,YBR011C_4120_91_-0.44
YHR072W,YHR072W_538_54_-0.35,YHR072W_637_60_0.35
YOR360C,YOR360C_482_51_0.51,YOR360C_395_49_-0.51
YKL212W,YKL212W_728_58_2.11,YKL212W_539_39_-2.11
YMR108W,YMR108W_885_64_0.76,YMR108W_700_59_-0.76
YOL066C,YOL066C_217_35_0.96,YOL066C_166_28_-0.96
YOR142W,YOR142W_2573_82_1.5,YOR142W_1427_75_-1.5
YEL041W,YEL041W_50_11_0.95,YEL041W_53_5_-0.95
YLR450W,YLR450W_972_65_0.25,YLR450W_835_66_-0.25
YHR001W-A,YHR001W-A___0,YHR001W-A___0
YGR010W,YGR010W_78_17_1.01,YGR010W_55_9_-1.01
YOL097C,YOL097C_2182_79_1.3,YOL097C_1408_74_-1.3
YEL021W,YEL021W_20_4_-1.6,YEL021W_44_6_1.6
YGR157W,YGR157W_1990_78_-0.71,YGR157W_2910_87_0.71
YEL027W,YEL027W_15447_100_1.09,YEL027W_11766_98_-1.09
YEL071W,YEL071W_233_34_-3.39,YEL071W_1076_70_3.39
YBR284W,YBR284W_34_7_-0.98,YBR284W_54_10_0.98
YGR191W,YGR191W_961_66_3.71,YGR191W_266_31_-3.71
YML120C,YML120C_531_53_1.65,YML120C_554_39_-1.65
YJR051W,YJR051W_262_38_-1.25,YJR051W_503_53_1.25
YKL148C,YKL148C_408_46_-0.34,YKL148C_453_52_0.34
YLR438W,YLR438W_500_44_-1.3,YLR438W_754_61_1.3
YNL241C,YNL241C_406_46_2.25,YNL241C_183_27_-2.25
YGR125W,YGR125W_626_57_0.18,YGR125W_568_56_-0.18
YJR148W,YJR148W_1069_67_0.79,YJR148W_753_63_-0.79
YGL186C,YGL186C_1209_69_1.57,YGL186C_640_57_-1.57
YBR145W,YBR145W_148_27_-7.5,YBR145W_5016_93_7.5
YEL011W,YEL011W_177_30_-1.52,YEL011W_370_46_1.52
YDR536W,YDR536W_128_26_1.9,YDR536W_64_10_-1.9
YGR177C,YGR177C_791_62_4.77,YGR177C_96_17_-4.77
YNR058W,YNR058W_64_14_-1.27,YNR058W_122_23_1.27
YKL001C,YKL001C_381_45_-2.11,YKL001C_1024_69_2.11
YOR348C,YOR348C_726_59_3.8,YOR348C_122_24_-3.8
YOL086C,YOL086C_13016_99_1.73,YOL086C_6152_95_-1.73
YBR244W,YBR244W_491_51_2.01,YBR244W_200_33_-2.01
YGR147C,YGR147C_359_44_0.63,YGR147C_263_40_-0.63
YNR056C,YNR056C_33_7_-0.94,YNR056C_60_9_0.94
YOL126C,YOL126C_899_64_0.52,YOL126C_1026_62_-0.52
YOL059W,YOL059W_191_30_-1.33,YOL059W_390_44_1.33
YIL168W,YIL168W___0,YIL168W___0
YHR026W,YHR026W_3367_84_-0.79,YHR026W_4060_91_0.79
YHL036W,YHL036W_91_18_-0.22,YHL036W_93_18_0.22
YOR176W,YOR176W_396_46_0.94,YOR176W_252_38_-0.94
YIL155C,YIL155C_105_22_1.88,YIL155C_47_7_-1.88
YOR130C,YOR130C_176_29_-0.47,YOR130C_215_35_0.47
YOR321W,YOR321W_154_28_-0.39,YOR321W_213_32_0.39
YCL018W,YCL018W_430_49_-3.49,YCL018W_2159_84_3.49
YJR109C,YJR109C_288_40_-2.89,YJR109C_1123_72_2.89
YDR098C,YDR098C_497_52_-0.86,YDR098C_759_63_0.86
YHR020W,YHR020W_2385_80_0.46,YHR020W_1991_82_-0.46
YOL011W,YOL011W_211_34_0.85,YOL011W_142_27_-0.85
YDR454C,YDR454C_10148_99_0.39,YDR454C_8506_97_-0.39
YMR220W,YMR220W_2468_82_0.47,YMR220W_1990_83_-0.47
YJR066W,YJR066W_257_38_0.86,YJR066W_198_31_-0.86
YBR196C,YBR196C_11823_99_4.59,YBR196C_2906_77_-4.59
YGR202C,YGR202C_57_13_0.67,YGR202C_60_6_-0.67
YDR408C,YDR408C_3823_89_3.19,YDR408C_895_66_-3.19
YOR095C,YOR095C_520_52_0.26,YOR095C_446_52_-0.26
YGR032W,YGR032W_105_22_-1.91,YGR032W_277_39_1.91
YDR297W,YDR297W_488_51_2.77,YDR297W_132_26_-2.77
YPR159W,YPR159W_1063_67_3.98,YPR159W_231_31_-3.98
YPL268W,YPL268W_196_32_-0.57,YPL268W_304_39_0.57
YLR158C,YLR158C___0,YLR158C___0
YML086C,YML086C_803_62_0.61,YML086C_617_58_-0.61
YAL044C,YAL044C_13321_99_2.42,YAL044C_4414_92_-2.42
YLR142W,YLR142W_64_14_0.63,YLR142W_47_8_-0.63
YGR138C,YGR138C_171_28_-1.76,YGR138C_379_46_1.76
YJL219W,YJL219W_40_9_-0.42,YJL219W_45_7_0.42
YBR121C,YBR121C_3200_87_0.76,YBR121C_2262_85_-0.76
YNL268W,YNL268W_2015_76_2.01,YNL268W_827_63_-2.01
YDL238C,YDL238C_42_9_1.92,YDL238C_23_2_-1.92
YDR403W,YDR403W_28_6_-0.11,YDR403W_30_4_0.11
YMR020W,YMR020W_71_16_-5.65,YMR020W_1150_69_5.65
YBR293W,YBR293W_294_40_0.16,YBR293W_276_41_-0.16
YGR255C,YGR255C_199_33_0.25,YGR255C_187_32_-0.25
